{"cameraMode":{"drawMode":0,"name":"Shaded","section":"Shading Mode"},"sceneLighting":false,"audioPlay":false,"sceneViewState":{"showFog":true,"showMaterialUpdate":true,"showSkybox":false,"showFlares":true,"showImageEffects":true,"showParticleSystems":true},"in2DMode":false,"pivot":{"x":84.59381103515625,"y":-41.05255126953125,"z":123.22454833984375},"rotation":{"x":-0.04678308963775635,"y":0.020073361694812776,"z":-0.0009403681033290923,"w":-0.998704731464386},"size":149.4187774658203,"orthographic":false}