{"cameraMode":{"drawMode":0,"name":"Shaded","section":"Shading Mode"},"sceneLighting":false,"audioPlay":false,"sceneViewState":{"showFog":true,"showMaterialUpdate":true,"showSkybox":false,"showFlares":true,"showImageEffects":true,"showParticleSystems":true},"in2DMode":false,"pivot":{"x":0.0,"y":0.734310507774353,"z":0.008890002965927124},"rotation":{"x":-0.1421462893486023,"y":0.04956609755754471,"z":-0.007127155549824238,"w":-0.988578200340271},"size":1.0475581884384156,"orthographic":false}