{"cameraMode":{"drawMode":0,"name":"Shaded","section":"Shading Mode"},"sceneLighting":false,"audioPlay":false,"sceneViewState":{"showFog":true,"showMaterialUpdate":true,"showSkybox":false,"showFlares":true,"showImageEffects":true,"showParticleSystems":true},"in2DMode":false,"pivot":{"x":0.2350045144557953,"y":0.7645286321640015,"z":0.02731478214263916},"rotation":{"x":-0.13489261269569398,"y":-0.008326287381350994,"z":0.00113341782707721,"w":-0.9908249378204346},"size":1.0475581884384156,"orthographic":false}